,title,url
0,Welcome to the Impregnable Demon King Castle – The Black Sorcerer Is Offered a Seat as a Member of the Demon King Army’s Top Brass After Being Kicked out of the Hero’s Party Because They Didn’t Need Debuffs,https://www.novelupdates.com/series/welcome-to-the-impregnable-demon-king-castle-the-black-sorcerer-is-offered-a-seat-as-a-member-of-the-demon-king-armys-top-brass-after-being-kicked-out-of-the-heros-party-because-they-did/
1,Welcome to the Man-Eating Dungeon,https://www.novelupdates.com/series/welcome-to-the-man-eating-dungeon/
2,"Welcome to the Monsters’ Guild ~ The Strongest Group Who Did Everything, for a Price ~",https://www.novelupdates.com/series/welcome-to-the-monsters-guild-the-strongest-group-who-did-everything-for-a-price/
3,Welcome to the Nightmare Game,https://www.novelupdates.com/series/welcome-to-the-nightmare-game/
4,Welcome to the Nightmare Game II,https://www.novelupdates.com/series/welcome-to-the-nightmare-game-ii/
5,Welcome to the Nightmare Live,https://www.novelupdates.com/series/welcome-to-the-nightmare-live/
6,Welcome to the Raindance Cafe,https://www.novelupdates.com/series/welcome-to-the-raindance-cafe/
7,Welcome to the Wasteland,https://www.novelupdates.com/series/welcome-to-the-wasteland/
8,"Well, There’s a Re-report",https://www.novelupdates.com/series/well-theres-a-re-report/
9,"Well, Villainous Daughter",https://www.novelupdates.com/series/well-villainous-daughter/
10,What an Audacious and Sly Servant!,https://www.novelupdates.com/series/what-an-audacious-and-sly-servant/
11,What Are You Two Doing?,https://www.novelupdates.com/series/what-are-you-two-doing/
12,"What Came to Mind During My Third Time in Another World Was to for Now, Get Naked.",https://www.novelupdates.com/series/what-came-to-mind-during-my-third-time-in-another-world-was-to-for-now-get-naked/
13,What Comes Around Goes Around,https://www.novelupdates.com/series/what-comes-around-goes-around/
14,What Did I Do Yesterday?,https://www.novelupdates.com/series/what-did-i-do-yesterday/
15,What Do I Do if I Accidentally Slept With Someone Younger,https://www.novelupdates.com/series/what-do-i-do-if-i-accidentally-slept-with-someone-younger/
16,What Do I Want to Do with This Magnificent Beauty?,https://www.novelupdates.com/series/what-do-i-want-to-do-with-this-magnificent-beauty/
17,What Happens If A Friend’s Older Sister Falls In Love With A Gloomy Person?,https://www.novelupdates.com/series/what-happens-if-a-friends-older-sister-falls-in-love-with-a-gloomy-person/
18,What Happens If You Saved A High School Girl Who Was About To Jump Off?,https://www.novelupdates.com/series/what-happens-if-you-saved-a-high-school-girl-who-was-about-to-jump-off/
19,What Happens When the Second Male Lead Powers Up,https://www.novelupdates.com/series/what-happens-when-the-second-male-lead-powers-up/
20,What if My Brother is Too Good?,https://www.novelupdates.com/series/what-if-my-brother-is-too-good/
21,What if the the Ugly Duckling Wasn’t a Swan But a Dragon?,https://www.novelupdates.com/series/what-if-the-the-ugly-duckling-wasnt-a-swan-but-a-dragon/
22,What is a Yandere?,https://www.novelupdates.com/series/what-is-a-yandere/
23,What It’s Like To Have A Jealous Lover,https://www.novelupdates.com/series/what-its-like-to-have-a-jealous-lover/
24,What Kind Of Partner Will My Niece Marry In The Future?,https://www.novelupdates.com/series/what-kind-of-partner-will-my-niece-marry-in-the-future/
25,What Kind of Treatment Is This?,https://www.novelupdates.com/series/what-kind-of-treatment-is-this/
26,What Life Is Like When You Have A Genius Magician As Your Little Brother,https://www.novelupdates.com/series/what-life-is-like-when-you-have-a-genius-magician-as-your-little-brother/
27,What Should I Do If I was Forced to Marry the Elf Queen,https://www.novelupdates.com/series/what-should-i-do-if-i-was-forced-to-marry-the-elf-queen/
28,What Should I Do if My Husband Is the Future Demon King?,https://www.novelupdates.com/series/what-should-i-do-if-my-husband-is-the-future-demon-king/
29,What Should I Do if the School Bully is Interested in Me,https://www.novelupdates.com/series/what-should-i-do-if-the-school-bully-is-interested-in-me/
30,What Should I Do When Zombies Roaming Around After I Come Back From Another World? I Want to Make a Base to Survive Rather Than Fighting Zombies,https://www.novelupdates.com/series/what-should-i-do-when-zombies-roaming-around-after-i-come-back-from-another-world-i-want-to-make-a-base-to-survive-rather-than-fighting-zombies/
31,What Sould I Do. I’m Falling In Love With You,https://www.novelupdates.com/series/what-sould-i-do-im-falling-in-love-with-you/
32,What to Do at Night,https://www.novelupdates.com/series/what-to-do-at-night/
33,What to Do If I Am Caught by A Paranoid Gong,https://www.novelupdates.com/series/what-to-do-if-i-am-caught-by-a-paranoid-gong/
34,What To Do If The System Forces You To Exercise,https://www.novelupdates.com/series/what-to-do-if-the-system-forces-you-to-exercise/
35,What To Do if You’re the Villain and the Heroine Likes You,https://www.novelupdates.com/series/what-to-do-if-youre-the-villain-and-the-heroine-likes-you/
36,What to Do When All Your Knights Are Psychos,https://www.novelupdates.com/series/what-to-do-when-all-your-knights-are-psychos/
37,What To Do When Hunger Strikes,https://www.novelupdates.com/series/what-to-do-when-hunger-strikes/
38,What to Do When I Become a Koi and Fall into the Male God’s Bathtub,https://www.novelupdates.com/series/what-to-do-when-i-become-a-koi-and-fall-into-the-male-gods-bathtub/
39,What to Do When the Campus Idol Is Too Overbearing,https://www.novelupdates.com/series/what-to-do-when-the-campus-idol-is-too-overbearing/
40,What To Do When the Heroine of the Novel Comes to Reality,https://www.novelupdates.com/series/what-to-do-when-the-heroine-of-the-novel-comes-to-reality/
41,What to Do with a Pair of Kittens,https://www.novelupdates.com/series/what-to-do-with-a-pair-of-kittens/
42,"What, Failure to Transition!?……Success!? (LN)",https://www.novelupdates.com/series/what-failure-to-transitionsuccess-ln/
43,"What, So You Wanna Cancel The Engagement? Ah, whatever.",https://www.novelupdates.com/series/what-so-you-wanna-cancel-the-engagement-ah-whatever/
44,"What, the Transition Failed!?……Wait, it was a Success!? (WN)",https://www.novelupdates.com/series/what-the-transition-failedwait-it-was-a-success-wn/
45,What!! This Is an Otome Game? but I’m Going To Be a Magician so I Won’t Go After the Game Capture Targets,https://www.novelupdates.com/series/what-this-is-an-otome-game-but-im-going-to-be-a-magician-so-i-wont-go-after-the-game-capture-targets/
46,What’s Mr. Huo Eating Today,https://www.novelupdates.com/series/whats-mr-huo-eating-today/
47,What’s Under Kamiyama-san’s Paper Bag?,https://www.novelupdates.com/series/whats-under-kamiyama-sans-paper-bag/
48,What’s Wrong with a Great Hero Being Jobless,https://www.novelupdates.com/series/whats-wrong-with-a-great-hero-being-jobless/
49,What’s Wrong With Liking My Busty Adopted Daughter?,https://www.novelupdates.com/series/whats-wrong-with-liking-my-busty-adopted-daughter/
50,What’s Wrong With the Summoner Being a Shadow,https://www.novelupdates.com/series/whats-wrong-with-the-summoner-being-a-shadow/
51,"What’s Your Gender, Princess?",https://www.novelupdates.com/series/whats-your-gender-princess/
52,Wheelchair Girl,https://www.novelupdates.com/series/wheelchair-girl/
53,When a Bossy CEO Meets Gary Stu,https://www.novelupdates.com/series/when-a-bossy-ceo-meets-gary-stu/
54,When A Destructive Wolf Joins An Escape Game,https://www.novelupdates.com/series/when-a-destructive-wolf-joins-an-escape-game/
55,When a Fanfic Protagonist Transmigrated into the Original Novel,https://www.novelupdates.com/series/when-a-fanfic-protagonist-transmigrated-into-the-original-novel/
56,When A Mage Revolts,https://www.novelupdates.com/series/when-a-mage-revolts/
57,When A Snail Loves,https://www.novelupdates.com/series/when-a-snail-loves/
58,When A Villain Meets A Villain,https://www.novelupdates.com/series/when-a-villain-meets-a-villain/
59,When an Alien Is Bound to a World-Saving System,https://www.novelupdates.com/series/when-an-alien-is-bound-to-a-world-saving-system/
60,When an Alpha is Marked by One of His Own Kind,https://www.novelupdates.com/series/when-an-alpha-is-marked-by-one-of-his-own-kind/
61,When an Angst Writer Meets a Doting Writer,https://www.novelupdates.com/series/when-an-angst-writer-meets-a-doting-writer/
62,When Everyone Thinks You Have a Crush,https://www.novelupdates.com/series/when-everyone-thinks-you-have-a-crush/
63,When Girls Were Drugged with Aphrodisiac in Some CN Novels…,https://www.novelupdates.com/series/when-girls-were-drugged-with-aphrodisiac-in-some-cn-novels/
64,When God Made Me,https://www.novelupdates.com/series/when-god-made-me/
65,"When He Comes, Close Your Eyes",https://www.novelupdates.com/series/when-he-comes-close-your-eyes/
66,When He Smiles,https://www.novelupdates.com/series/when-he-smiles/
67,"When I Asked Her Why the Girl Sitting Next to Me Was So Venomous, She Said, “Because I Want To Marry You in the Future,” and School Life Became a Lot More Fun",https://www.novelupdates.com/series/when-i-asked-her-why-the-girl-sitting-next-to-me-was-so-venomous-she-said-because-i-want-to-marry-you-in-the-future-and-school-life-became-a-lot-more-fun/
68,"When I Became a Girl, an Unexpected Love Quarrel Occurred!",https://www.novelupdates.com/series/when-i-became-a-girl-an-unexpected-love-quarrel-occurred/
69,"When I Became Able to See Status, I Got to Know My Classmate’s Secret",https://www.novelupdates.com/series/when-i-became-able-to-see-status-i-got-to-know-my-classmates-secret/
70,"When I Chant Ignite, Black Figures Next to Me Would Strike a Match",https://www.novelupdates.com/series/when-i-chant-ignite-black-figures-next-to-me-would-strike-a-match/
71,"When I Faked Amnesia to Break off My Engagement, My Fiancé Casually Told Me a Ridiculous Lie—“You Were in Love With Me Before You Lost Your Memory.”",https://www.novelupdates.com/series/when-i-faked-amnesia-to-break-off-my-engagement-my-fiance-casually-told-me-a-ridiculous-lie-you-were-in-love-with-me-before-you-lost-your-memory/
72,When I Fell For You,https://www.novelupdates.com/series/when-i-fell-for-you/
73,"When I Fell Madly in Love With the Heroine, the World Changed. ～the Strongest Gamer in the World Becomes the Strongest Knight in the Game World",https://www.novelupdates.com/series/when-i-fell-madly-in-love-with-the-heroine-the-world-changed-%ef%bd%9ethe-strongest-gamer-in-the-world-becomes-the-strongest-knight-in-the-game-world/
74,"When I Lent 500 Yen to a Friend, He Sent His Sister as Collateral, but What Should I Do? (LN)",https://www.novelupdates.com/series/when-i-lent-500-yen-to-a-friend-he-sent-his-sister-as-collateral-but-what-should-i-doln/
75,"When I Lent 500 Yen to a Friend, He Sent His Sister as Collateral, but What Should I Do? (WN)",https://www.novelupdates.com/series/when-i-lent-500-yen-to-a-friend-he-sent-his-sister-as-collateral-but-what-should-i-do/
76,When I Loved You,https://www.novelupdates.com/series/when-i-loved-you/
77,When I Met You,https://www.novelupdates.com/series/when-i-met-you/
78,When I Opened My Eyes I Was a Superstar,https://www.novelupdates.com/series/when-i-opened-my-eyes-i-was-a-superstar/
79,"When I Opened My Eyes, I Realized That I Became a Genius With Sword Art",https://www.novelupdates.com/series/when-i-opened-my-eyes-i-realized-that-i-became-a-genius-with-sword-art/
80,"When I Opened The Toilet Door, I Was In a Different World, but I Will Never Transfer To Another World!",https://www.novelupdates.com/series/when-i-opened-the-toilet-door-i-was-in-a-different-world-but-i-will-never-transfer-to-another-world/
81,"When I Quit Being A Wicked Mother-in-law, Everyone Became Obsessed With Me",https://www.novelupdates.com/series/when-i-quit-being-a-wicked-mother-in-law-everyone-became-obsessed-with-me/
82,"When I Reincarnated as the Villainess, I Raised Yuri Flags with the Heroine!?",https://www.novelupdates.com/series/when-i-reincarnated-as-the-villainess-i-raised-yuri-flags-with-the-heroine/
83,When I Reincarnated I Was a Soldier?! ~A Man Called the Red Shinigami~,https://www.novelupdates.com/series/when-i-reincarnated-i-was-a-soldier-a-man-called-the-red-shinigami/
84,"When I Reincarnated, I was One of the Villainess’ Followers. . .But I Decided to Live My Life Freely.",https://www.novelupdates.com/series/when-i-reincarnated-i-was-one-of-the-villainess-followers-but-i-decided-to-live-my-life-freely/
85,"When I Rescued a Beautiful Girl Who Was About to Be Mol*sted, It Was My Childhood Friend Sitting Next to Me",https://www.novelupdates.com/series/when-i-rescued-a-beautiful-girl-who-was-about-to-be-molested-it-was-my-childhood-friend-sitting-next-to-me/
86,When I Returned From Another World I Was A Silver Haired Shrine Maiden,https://www.novelupdates.com/series/when-i-returned-from-another-world-i-was-a-silver-haired-shrine-maiden/
87,"When I Said, “I Want a Beautiful and Rich Girlfriend,” a Girl with Circumstances Showed Up",https://www.novelupdates.com/series/when-i-said-i-want-a-beautiful-and-rich-girlfriend-a-girl-with-circumstances-showed-up/
88,"When I Saved a Cute High School Girl Working Part Time at a Convenience Store, She Started Sending Gifts to My House for Some Reason",https://www.novelupdates.com/series/when-i-saved-a-cute-high-school-girl-working-part-time-at-a-convenience-store-she-started-sending-gifts-to-my-house-for-some-reason/
89,When I Stopped Being Your Shadow,https://www.novelupdates.com/series/when-i-stopped-being-your-shadow/
90,"When I Summoned a Succubus S*ave, My Sister Is the One That Appeared",https://www.novelupdates.com/series/when-i-summoned-a-succubus-slave-my-sister-is-the-one-that-appeared/
91,"When I Thought about Dying, I Was Caught by my Quibbling Childhood Friend",https://www.novelupdates.com/series/when-i-thought-about-dying-i-was-caught-by-my-quibbling-childhood-friend/
92,"When I Transmigrated for the Second Time, the Male Leads Got Reborn",https://www.novelupdates.com/series/when-i-transmigrated-for-the-second-time-the-male-leads-got-reborn/
93,"When I Tried Strengthening 【Rusted Sword】, It Evolved Into An Overpowered Magic Sword",https://www.novelupdates.com/series/when-i-tried-strengthening-%e3%80%90rusted-sword%e3%80%91-it-evolved-into-an-overpowered-magic-sword/
94,"When I Was Job Hunting, I Was Asked by God To Establish a Country in Another World",https://www.novelupdates.com/series/when-i-was-job-hunting-i-was-asked-by-god-to-establish-a-country-in-another-world/
95,"When I Was Playing Eroge With VR, I Was Reincarnated In A Different World, I Will Enslave All The Beautiful Demon Girls ~Crossout Saber~",https://www.novelupdates.com/series/when-i-was-playing-eroge-with-vr-i-was-reincarnated-in-a-different-world-i-will-enslave-all-the-beautiful-demon-girls-crossout-saber/
96,"When I Was Reincarnated as a Saint, I Ended up Being Befriended by a Young Dragon. She’s a Troubled Child Who Uses Cheats To Become a Warrior, but She’s Cute, and I Want To Live With Her",https://www.novelupdates.com/series/when-i-was-reincarnated-as-a-saint-i-ended-up-being-befriended-by-a-young-dragon-shes-a-troubled-child-who-uses-cheats-to-become-a-warrior-but-shes-cute-and-i-want-to-live-with-her/
97,"When I Was Reincarnated, My Cute Childhood Friend Was a Younger Sister Who Died With Me. What Should I Do?",https://www.novelupdates.com/series/when-i-was-reincarnated-my-cute-childhood-friend-was-a-younger-sister-who-died-with-me-what-should-i-do/
98,"When I Was Summoned to Another World with RPG Style, [Likes NTR] Skill Appeared",https://www.novelupdates.com/series/when-i-was-summoned-to-another-world-with-rpg-style-likes-ntr-skill-appeared/
99,"When I was Transferred to Another World, I Became the Adjutant of a Lady Commander and Beared the Brunt of a Lustful Harem! (WN)",https://www.novelupdates.com/series/when-i-was-transferred-to-another-world-i-became-the-adjutant-of-a-lady-commander-and-beared-the-brunt-of-a-lustful-harem-wn/
100,When I Went Abroad For The First Time To Meet My Long-Distance Boyfriend,https://www.novelupdates.com/series/when-i-went-abroad-for-the-first-time-to-meet-my-long-distance-boyfriend/
101,"When I Went Back to My Parents House, I Started Living a Pampered Life",https://www.novelupdates.com/series/when-i-went-back-to-my-parents-house-i-started-living-a-pampered-life/
102,When I Woke up in the Morning I Became a Silver Haired Loli Vampire,https://www.novelupdates.com/series/when-i-woke-up-in-the-morning-i-became-a-silver-haired-loli-vampire/
103,"When I Woke Up, I Become a Coquettish B*tch",https://www.novelupdates.com/series/when-i-woke-up-i-become-a-coquettish-btch/
104,"When I, The Main Heroine, Died, The Sub-Heroines Got Serious!?",https://www.novelupdates.com/series/when-i-the-main-heroine-died-the-sub-heroines-got-serious/
105,"When My Childhood Friend Dumped Me and I Was Expelled From the Soccer Team, it goes on to the point of other childhood friend left speechless. . EH? You Want Me To Come Back Because You’re in Trouble Because I’m Gone? I Don’t Know Anything About That",https://www.novelupdates.com/series/when-my-childhood-friend-dumped-me-and-i-was-expelled-from-the-soccer-team-it-goes-on-to-the-point-of-other-childhood-friend-left-speechless-eh-you-want-me-to-come-back-because-youre-in/
106,When My Enemies Began to Regret,https://www.novelupdates.com/series/when-my-enemies-began-to-regret/
107,When My Pet Became the Villain,https://www.novelupdates.com/series/when-my-pet-became-the-villain/
108,When Nekura and Hiria Meet (LN),https://www.novelupdates.com/series/when-nekura-and-hiria-meet-ln/
109,When Nekura and Hiria Meet (WN),https://www.novelupdates.com/series/when-nekura-and-hiria-meet/
110,When Rabbit Met Wolf,https://www.novelupdates.com/series/when-rabbit-met-wolf/
111,When She Becomes a Witch,https://www.novelupdates.com/series/when-she-becomes-a-witch/
112,When Spring Comes,https://www.novelupdates.com/series/when-spring-comes/
113,When The Count’s Illegitimate Daughter Gets Married,https://www.novelupdates.com/series/when-the-counts-illegitimate-daughter-gets-married/
114,When The Cruel Villain Seduces Me,https://www.novelupdates.com/series/when-the-cruel-villain-seduces-me/
115,When The Cute Kunoichis Spied on Their Teacher’s Secret,https://www.novelupdates.com/series/when-the-cute-kunoichis-spied-on-their-teachers-secret/
116,When the Fair Rich Beauty Becomes the Poor Girl,https://www.novelupdates.com/series/when-the-fair-rich-beauty-becomes-the-poor-girl/
117,"When The Flowers Falls, I’ll See You Again",https://www.novelupdates.com/series/when-the-flowers-falls-ill-see-you-again/
118,When The Foolish Gong Lost His Memories,https://www.novelupdates.com/series/when-the-foolish-gong-lost-his-memories/
119,When the Golden Finger Lands in the Hands of the Villain,https://www.novelupdates.com/series/when-the-golden-finger-lands-in-the-hands-of-the-villain/
120,When the Green Tea Female Side Character Wants to Humiliate the Male Lead,https://www.novelupdates.com/series/when-the-green-tea-female-side-character-wants-to-humiliate-the-male-lead/
121,When the Hacker is Forced to Marry,https://www.novelupdates.com/series/when-the-hacker-is-forced-to-marry/
122,When the Mad Emperor Suddenly Becomes Sweet,https://www.novelupdates.com/series/when-the-mad-emperor-suddenly-becomes-sweet/
123,When the Main Bottom Becomes the Yandere Top,https://www.novelupdates.com/series/when-the-main-bottom-becomes-the-yandere-top/
124,When the Male Lead is Obsessed with the Youngest Daughter of the Villain Family,https://www.novelupdates.com/series/when-the-male-lead-is-obsessed-with-the-youngest-daughter-of-the-villain-family/
125,When The Male Supporting Actor Bend The Male Lead,https://www.novelupdates.com/series/when-the-male-supporting-actor-bend-the-male-lead/
126,When The Moon Tilts West,https://www.novelupdates.com/series/when-the-moon-tilts-west/
127,When The Mother Of The Duke’s Son Returns,https://www.novelupdates.com/series/when-the-mother-of-the-dukes-son-returns/
128,When the Nemesis Eats the Wicked Woman,https://www.novelupdates.com/series/when-the-nemesis-eats-the-wicked-woman/
129,When the Peak Meets Peak Crazy,https://www.novelupdates.com/series/when-the-peak-meets-peak-crazy/
130,When The Star Flutters,https://www.novelupdates.com/series/when-the-star-flutters/
131,When The Terribly Unlucky Villainess Returns,https://www.novelupdates.com/series/when-the-terribly-unlucky-villainess-returns/
132,When the Villainess Became the Male Lead’s Obsession,https://www.novelupdates.com/series/when-the-villainess-became-the-male-leads-obsession/
133,"When the Villainess Died, the Male Lead Went Crazy",https://www.novelupdates.com/series/when-the-villainess-died-the-male-lead-went-crazy/
134,When The Villainess Loves,https://www.novelupdates.com/series/when-the-villainess-loves/
135,When the Witch is Imprinted,https://www.novelupdates.com/series/when-the-witch-is-imprinted/
136,When the Yakuza Falls in Love,https://www.novelupdates.com/series/when-the-yakuza-falls-in-love/
137,When TS High School Boys Are Too Adaptable,https://www.novelupdates.com/series/when-ts-high-school-boys-are-too-adaptable/
138,"When Two Alphas Meet, One’s an Omega",https://www.novelupdates.com/series/when-two-alphas-meet-ones-an-omega/
139,When Will General Come Marry Me?,https://www.novelupdates.com/series/when-will-general-come-marry-me/
140,When Xiaoxiang Guys Meet A Jinjiang Girl,https://www.novelupdates.com/series/when-xiaoxiang-guys-meet-a-jinjiang-girl/
141,When You’re Gone,https://www.novelupdates.com/series/when-youre-gone/
142,When Your Pain Becomes Mine,https://www.novelupdates.com/series/when-your-pain-becomes-mine/
143,Where Is Justice For the Villainess?,https://www.novelupdates.com/series/where-is-justice-for-the-villainess/
144,Where is Our Agreement to be Each Other’s Arch-Rivals?,https://www.novelupdates.com/series/where-is-our-agreement-to-be-each-others-arch-rivals/
145,Where Is The Demon?,https://www.novelupdates.com/series/where-is-the-demon/
146,Where is the Morality,https://www.novelupdates.com/series/where-is-the-morality/
147,Where Will the Old Man Who Was Hurled into Another World Go?,https://www.novelupdates.com/series/where-will-the-old-man-who-was-hurled-into-another-world-go/
148,Where Winter is Warm Where Summer is Cool (Season),https://www.novelupdates.com/series/where-winter-is-warm-where-summer-is-cool-season/
149,Where’d My Delicate Little Wife Go?,https://www.novelupdates.com/series/whered-my-delicate-little-wife-go/
150,Whether You Sleep or Wake Up,https://www.novelupdates.com/series/whether-you-sleep-or-wake-up/
151,Which Alpha Do You Want?,https://www.novelupdates.com/series/which-alpha-do-you-want/
152,"While at the Bottom, I Found Hope in a Different World. – I Can Only Go to a Different World That Is Like a Game, so I Will Raise My Level and Look Back at Everybody Else",https://www.novelupdates.com/series/while-at-the-bottom-i-found-hope-in-a-different-world-i-can-only-go-to-a-different-world-that-is-like-a-game-so-i-will-raise-my-level-and-look-back-at-everybody-else/
153,"While I Was In The Hospital For A Terminal Illness, A Devil Claiming To Be A Drop-out Visited Me, So I Made A Contract With Her Out Of Pity But For Some Reason, She Would Not Take My Soul As Payment",https://www.novelupdates.com/series/while-i-was-in-the-hospital-for-a-terminal-illness-a-devil-claiming-to-be-a-drop-out-visited-me-so-i-made-a-contract-with-her-out-of-pity-but-for-some-reason-she-would-not-take-my-soul-as-payment/
154,"While I Was Reading Ancient Spellbooks With My Non-Combat Power, Failure Talent [Translation], I Became the Strongest In the World",https://www.novelupdates.com/series/while-i-was-reading-ancient-spellbooks-with-my-non-combat-power-failure-talent-translation-i-became-the-strongest-in-the-world/
155,"While I Was Trying Hard To Be Popular With Girls, I Became a Strong Mental Mob Who Is Popular With Men",https://www.novelupdates.com/series/while-i-was-trying-hard-to-be-popular-with-girls-i-became-a-strong-mental-mob-who-is-popular-with-men/
156,"While Killing Slimes for 300 Years, I Became the MAX Level Unknowingly",https://www.novelupdates.com/series/while-killing-slimes-for-300-years-i-became-the-max-level-unknowingly/
157,While the System Crashed,https://www.novelupdates.com/series/while-the-system-crashed/
158,While You’re In Love,https://www.novelupdates.com/series/while-youre-in-love/
159,Whisky Chocolate,https://www.novelupdates.com/series/whisky-chocolate/
160,White Dragon Lord,https://www.novelupdates.com/series/white-dragon-lord/
161,White Horse Neighing in the West Wind,https://www.novelupdates.com/series/white-horse-neighing-in-the-west-wind/
162,White Lotus Overturned Daily,https://www.novelupdates.com/series/white-lotus-overturned-daily/
163,White Wolves,https://www.novelupdates.com/series/white-wolves/
164,White-Robed Chief,https://www.novelupdates.com/series/white-robed-chief/
165,Who Allowed You to Get on the Bed,https://www.novelupdates.com/series/who-allowed-you-to-get-on-the-bed/
166,Who Are You?,https://www.novelupdates.com/series/who-are-you/
167,Who Can Keep the Moon Private by Love,https://www.novelupdates.com/series/who-can-keep-the-moon-private-by-love/
168,Who Cares,https://www.novelupdates.com/series/who-cares/
169,Who Dares Slander My Senior Brother,https://www.novelupdates.com/series/who-dares-slander-my-senior-brother/
170,Who Did It with a C*ck like This?! A Strange Tale of Unintentionally NTRing a Harem of True Love,https://www.novelupdates.com/series/who-did-it-with-a-cck-like-this-a-strange-tale-of-unintentionally-ntring-a-harem-of-true-love/
171,"Who Do You Like More, Mom or Dad?",https://www.novelupdates.com/series/who-do-you-like-more-mom-or-dad/
172,Who Doesn’t Like a Sweet Little Alpha?,https://www.novelupdates.com/series/who-doesnt-like-a-sweet-little-alpha/
173,Who Is the Prey,https://www.novelupdates.com/series/who-is-the-prey/
174,Who is the Strongest Appraiser?,https://www.novelupdates.com/series/who-is-the-strongest-appraiser/
175,Who Is the World’s Strongest Appraiser? ~Living in Another World With Satisfying Meals~,https://www.novelupdates.com/series/who-is-the-worlds-strongest-appraiser-living-in-another-world-with-satisfying-meals/
176,Who Is This Child’s Dad~,https://www.novelupdates.com/series/who-is-this-childs-dad/
177,Who Killed Dorothy,https://www.novelupdates.com/series/who-killed-dorothy/
178,Who Killed the Moon,https://www.novelupdates.com/series/who-killed-the-moon/
179,Who Moved My Ashes,https://www.novelupdates.com/series/who-moved-my-ashes/
180,Who Moved My Mountain,https://www.novelupdates.com/series/who-moved-my-mountain/
181,Who Said I Like You,https://www.novelupdates.com/series/who-said-i-like-you/
182,Who Says Omegas Can’t be as Explosive as Alphas,https://www.novelupdates.com/series/who-says-omegas-cant-be-as-explosive-as-alphas/
183,Who Sent the Love Letter,https://www.novelupdates.com/series/who-sent-the-love-letter/
184,Who Stole The Empress,https://www.novelupdates.com/series/who-stole-the-empress/
185,Who Touched My Tail!,https://www.novelupdates.com/series/who-touched-my-tail/
186,Wholeheartedly Willing,https://www.novelupdates.com/series/wholeheartedly-willing/
187,Whose Little Eyes Haven’t Seen the Actor Yet,https://www.novelupdates.com/series/whose-little-eyes-havent-seen-the-actor-yet/
188,Why Am I Always the Unlucky One?!,https://www.novelupdates.com/series/why-am-i-always-the-unlucky-one/
189,Why are the Protagonist Gong and Shou Fighting Because of Me?,https://www.novelupdates.com/series/why-are-the-protagonist-gong-and-shou-fighting-because-of-me/
190,"Why Are You Doing This, Duke?",https://www.novelupdates.com/series/why-are-you-doing-this-duke/
191,Why Are You Obsessed With Your Fake Wife?,https://www.novelupdates.com/series/why-are-you-obsessed-with-your-fake-wife/
192,Why Are You So Obsessed With Rejecting Affection?,https://www.novelupdates.com/series/why-are-you-so-obsessed-with-rejecting-affection/
193,Why Did The Good Ol’ Enemy Force The Marriage?,https://www.novelupdates.com/series/why-did-the-good-ol-enemy-force-the-marriage/
194,Why Did You Summon Me?,https://www.novelupdates.com/series/why-did-you-summon-me/
195,Why Didn’t You Tell Me Your Mother Was a Fujoshi?,https://www.novelupdates.com/series/why-didnt-you-tell-me-your-mother-was-a-fujoshi/
196,Why Do All the Male Protagonists Look at Me Like That,https://www.novelupdates.com/series/why-do-all-the-male-protagonists-look-at-me-like-that/
197,Why Do I Always Mortify Myself in Front of My Boss?,https://www.novelupdates.com/series/why-do-i-always-mortify-myself-in-front-of-my-boss/
198,Why Do I Wake up as a Cheater Every Time?,https://www.novelupdates.com/series/why-do-i-wake-up-as-a-cheater-every-time/
199,Why Do Yandere Girls Like To Find Me?,https://www.novelupdates.com/series/why-do-yandere-girls-like-to-find-me/
200,Why Don’t You and Your Big Sister Rule Another World and Build a Happy Family?,https://www.novelupdates.com/series/why-dont-you-and-your-big-sister-rule-another-world-and-build-a-happy-family/
201,Why Fall in Love if You Can Attend Tsinghua University,https://www.novelupdates.com/series/why-fall-in-love-if-you-can-attend-tsinghua-university/
202,Why Harem Intrigue When You Can Just Raise a Dog Instead,https://www.novelupdates.com/series/why-harem-intrigue-when-you-can-just-raise-a-dog-instead/
203,Why Is a Genius Such as Myself Accepting Apprentices?,https://www.novelupdates.com/series/why-is-a-genius-such-as-myself-accepting-apprentices/
204,Why Is It Possible For This Type Of A To Also Have An O?,https://www.novelupdates.com/series/why-is-it-possible-for-this-type-of-a-to-also-have-an-o/
205,Why is the Holy Son So Delicate?,https://www.novelupdates.com/series/why-is-the-holy-son-so-delicate/
206,Why Is the Prettiest Girl in School Trying to Talk to a Loner Like Me during Lunch Break?,https://www.novelupdates.com/series/why-is-the-prettiest-girl-in-school-trying-to-talk-to-a-loner-like-me-during-lunch-break/
207,"Why not go to JUSCO with me, Valkyrie?",https://www.novelupdates.com/series/why-not-go-to-jusco-with-me-valkyrie/
208,Why Not Soar Your Majesty,https://www.novelupdates.com/series/why-not-soar-your-majesty/
209,Why Secretary Kim,https://www.novelupdates.com/series/why-secretary-kim/
210,Why The Big Villain Hasn’t Run Away,https://www.novelupdates.com/series/why-the-big-villain-hasnt-run-away/
211,Why The King Needs A Secretary,https://www.novelupdates.com/series/why-the-king-needs-a-secretary/
212,Why the Maid Inherited the Duke’s Legacy,https://www.novelupdates.com/series/why-the-maid-inherited-the-dukes-legacy/
213,"Why, Can’t You Eat?",https://www.novelupdates.com/series/why-cant-you-eat/
214,Wicked Island Of Ireland,https://www.novelupdates.com/series/wicked-island-of-ireland/
215,Wicked Soldier King,https://www.novelupdates.com/series/wicked-soldier-king/
216,Wife Became A Minor Before Divorce,https://www.novelupdates.com/series/wife-became-a-minor-before-divorce/
217,Wife Can’t Escape,https://www.novelupdates.com/series/wife-cant-escape/
218,"Wife is Fierce, Don’t Mess With Her!",https://www.novelupdates.com/series/wife-is-fierce-dont-mess-with-her/
219,Wife is Outrageous: His Evil Highness Comes Knocking,https://www.novelupdates.com/series/wife-is-outrageous-his-evil-highness-comes-knocking/
220,Wife Please Be Obedient,https://www.novelupdates.com/series/wife-please-be-obedient/
221,"Wife, I Am the Baby’s Father",https://www.novelupdates.com/series/wife-i-am-the-babys-father/
222,"Wife, I Want to Eat Meat",https://www.novelupdates.com/series/wife-i-want-to-eat-meat/
223,"Wife, You Can’t Run After Eating",https://www.novelupdates.com/series/wife-you-cant-run-after-eating/
224,Wife’s Color is Addicting,https://www.novelupdates.com/series/wifes-color-is-addicting/
225,Wild JK Kashino Yukiko Opens a Bar in Another World,https://www.novelupdates.com/series/wild-jk-kashino-yukiko-opens-a-bar-in-another-world/
226,Wild Malicious Consort: Good For Nothing Ninth Miss,https://www.novelupdates.com/series/wild-malicious-consort-good-for-nothing-ninth-miss/
227,Wild Princess: Marrying an Ugly Prince,https://www.novelupdates.com/series/wild-princess-marrying-an-ugly-prince/
228,Wildfire,https://www.novelupdates.com/series/wildfire/
229,Will of Heaven,https://www.novelupdates.com/series/will-of-heaven/
230,Will the Re-Summoned Hero Live as an Ordinary Person,https://www.novelupdates.com/series/will-the-re-summoned-hero-live-as-an-ordinary-person/
231,Will You Die if You Don’t Pretend to be Forced?,https://www.novelupdates.com/series/will-you-die-if-you-dont-pretend-to-be-forced/
232,Willing to Accompany by the Gentleman’s Side,https://www.novelupdates.com/series/willing-to-accompany-by-the-gentlemans-side/
233,Willingly Baited,https://www.novelupdates.com/series/willingly-baited/
234,Wind with Voices,https://www.novelupdates.com/series/wind-with-voices/
235,Wine and Gun,https://www.novelupdates.com/series/wine-and-gun/
236,Winner Takes All,https://www.novelupdates.com/series/winner-takes-all/
237,Winning the Male Lead,https://www.novelupdates.com/series/winning-the-male-lead/
238,Winter Begonia,https://www.novelupdates.com/series/winter-begonia/
239,Winter Flower,https://www.novelupdates.com/series/winter-flower/
240,Winter Rabbit in Wonderland,https://www.novelupdates.com/series/winter-rabbit-in-wonderland/
241,Winter Solstice,https://www.novelupdates.com/series/winter-solstice/
242,Winter Swan,https://www.novelupdates.com/series/winter-swan/
243,Wipe Clean After Eating,https://www.novelupdates.com/series/wipe-clean-after-eating/
244,Wiro Sableng,https://www.novelupdates.com/series/wiro-sableng/
245,Wise Chef Life,https://www.novelupdates.com/series/wise-chef-life/
246,Wishing Happiness unto an Idiot Sister,https://www.novelupdates.com/series/wishing-happiness-unto-an-idiot-sister/
247,Wishing You Eternal Happiness,https://www.novelupdates.com/series/wishing-you-eternal-happiness/
248,Witch Hand Craft,https://www.novelupdates.com/series/witch-hand-craft/
249,Witch Hunt,https://www.novelupdates.com/series/witch-hunt/
250,Witch of the Library,https://www.novelupdates.com/series/witch-of-the-library/
251,Witch Questions and Answers,https://www.novelupdates.com/series/witch-questions-and-answers/
252,Witch Rebirth: Strike the Vampire,https://www.novelupdates.com/series/witch-rebirth-strike-the-vampire/
253,"Witch, Open Your Eyes",https://www.novelupdates.com/series/witch-open-your-eyes/
254,"With a Strong-willed Marchioness, Prince Yandere’s Love Offensive",https://www.novelupdates.com/series/with-a-strong-willed-marchioness-prince-yanderes-love-offensive/
255,With Contract Skill Many Brides!,https://www.novelupdates.com/series/with-contract-skill-many-brides/
256,With Han Geng @ Midnight,https://www.novelupdates.com/series/with-han-geng-midnight/
257,With Love and Time,https://www.novelupdates.com/series/with-love-and-time/
258,"With One Smile, the Sword Tramples the Mushroom",https://www.novelupdates.com/series/with-one-smile-the-sword-tramples-the-mushroom/
259,"With the [Alchemy Box], Create, Enchant and Dominate! With a Box That Can Create Anything, Begin Building a New Life on a Deserted Island",https://www.novelupdates.com/series/with-the-alchemy-box-create-enchant-and-dominate-with-a-box-that-can-create-anything-begin-building-a-new-life-on-a-deserted-island/
260,With You,https://www.novelupdates.com/series/with-you/
261,With You for Thirteen Years,https://www.novelupdates.com/series/with-you-for-thirteen-years/
262,Withdraw a Message and Kiss You,https://www.novelupdates.com/series/withdraw-a-message-and-kiss-you/
263,Withdrawal,https://www.novelupdates.com/series/withdrawal/
264,Within the Web Streaming Business,https://www.novelupdates.com/series/within-the-web-streaming-business/
265,Without Showing This Wound,https://www.novelupdates.com/series/without-showing-this-wound/
266,Wizard Academy,https://www.novelupdates.com/series/wizard-academy/
267,Wizard’s Tale,https://www.novelupdates.com/series/wizards-tale/
268,WoE 2: Lustrous Desires,https://www.novelupdates.com/series/woe-2-lustrous-desires/
269,WoE Side Story: An Alpha’s Dilemma,https://www.novelupdates.com/series/woe-side-story-an-alphas-dilemma/
270,Woke up and Heard I Was Married,https://www.novelupdates.com/series/woke-up-and-heard-i-was-married/
271,"Woke Up, The Love Game Became A Thriller",https://www.novelupdates.com/series/woke-up-the-love-game-became-a-thriller/
272,Wolf Imprisoned for 19 Nights,https://www.novelupdates.com/series/wolf-imprisoned-for-19-nights/
273,Wolf King,https://www.novelupdates.com/series/wolf-king/
274,Wolf’s Love,https://www.novelupdates.com/series/wolfs-love/
275,Wolves of a Pair Prowl Together,https://www.novelupdates.com/series/wolves-of-a-pair-prowl-together/
276,Wolves’ Den,https://www.novelupdates.com/series/wolves-den/
277,Womanizing Mage,https://www.novelupdates.com/series/womanizing-mage/
278,Womanizing True Immortal,https://www.novelupdates.com/series/womanizing-true-immortal/
279,Women-Hating Duke Feels Lust Only For One Aristocrat Lady,https://www.novelupdates.com/series/women-hating-duke-feels-lust-only-for-one-aristocrat-lady/
280,Women’s Dormitory Manager,https://www.novelupdates.com/series/womens-dormitory-manager/
281,"Woof Woof Story ~I Said I Wanted To Be A Rich Person’s Dog, Not A Fenrir!~",https://www.novelupdates.com/series/woof-woof-story-i-said-i-wanted-to-be-a-rich-persons-dog-not-a-fenrir/
282,World Controlling God,https://www.novelupdates.com/series/world-controlling-god/
283,World Customize Creator,https://www.novelupdates.com/series/world-customize-creator/
284,World Defying Dan God,https://www.novelupdates.com/series/world-defying-dan-god/
285,World Destroying Demonic Emperor,https://www.novelupdates.com/series/world-destroying-demonic-emperor/
286,World Game Universe,https://www.novelupdates.com/series/world-game-universe/
287,World Hopping: Avenge Our Love,https://www.novelupdates.com/series/world-hopping-avenge-our-love/
288,World of Chaos: Alluring Military Consort,https://www.novelupdates.com/series/world-of-chaos-alluring-military-consort/
289,World of Cultivation,https://www.novelupdates.com/series/world-of-cultivation/
290,World of Experts,https://www.novelupdates.com/series/world-of-experts/
291,World of Immortals,https://www.novelupdates.com/series/world-of-immortals/
292,World of Masks,https://www.novelupdates.com/series/world-of-masks/
293,World of Warcraft: Foreign Realm Domination,https://www.novelupdates.com/series/world-of-warcraft-foreign-realm-domination/
294,World of Xianxia,https://www.novelupdates.com/series/world-of-xianxia/
295,World Record,https://www.novelupdates.com/series/world-record/
296,"World Reformation Activities of the Dark God — Loving Humans So Much, I Reincarnated in One —",https://www.novelupdates.com/series/world-reformation-activities-of-the-dark-god-loving-humans-so-much-i-reincarnated-in-one/
297,World Strongest Rearguard – Labyrinth Country and Dungeon Seekers,https://www.novelupdates.com/series/world-strongest-rearguard-labyrinth-country-and-dungeon-seekers/
298,World Teacher – Other World Style Education & Agent (LN),https://www.novelupdates.com/series/world-teacher-other-world-style-education-agent-ln/
299,World Teacher – Other World Style Education & Agent (WN),https://www.novelupdates.com/series/world-teacher-other-world-style-education-agent/
300,World War III,https://www.novelupdates.com/series/world-war-iii/
301,World-shaking First Daughter: Powerful Medical Princess,https://www.novelupdates.com/series/world-shaking-first-daughter-powerful-medical-princess/
302,World’s Best Martial Artist,https://www.novelupdates.com/series/worlds-best-martial-artist/
303,"World’s Fastest Level up! ~As a Result of the Awakening of My Incompetence Skill [Transfer Within Dungeon], I Became the Strongest Without Being Restricted by the Rules of the Dungeon~",https://www.novelupdates.com/series/worlds-fastest-level-up-as-a-result-of-the-awakening-of-my-incompetence-skill-transfer-within-dungeon-i-became-the-strongest-without-being-restricted-by-the-rules-of-the-dungeon/
304,World’s Greatest Militia,https://www.novelupdates.com/series/worlds-greatest-militia/
305,Worldly Stunning Blade,https://www.novelupdates.com/series/worldly-stunning-blade/
306,Worlds’ Apocalypse Online,https://www.novelupdates.com/series/worlds-apocalypse-online/
307,"Worship Me, I Can Make You Rich",https://www.novelupdates.com/series/worship-me-i-can-make-you-rich/
308,Wortenia Senki (LN),https://www.novelupdates.com/series/wortenia-senki-ln/
309,Wortenia Senki (WN),https://www.novelupdates.com/series/wortenia-senki/
310,Would You Dance With Me My Lord?,https://www.novelupdates.com/series/would-you-dance-with-me-my-lord/
311,Would You Mind If I Play?,https://www.novelupdates.com/series/would-you-mind-if-i-play/
312,Would You Still Love Me If I Weren’t a VIP?,https://www.novelupdates.com/series/would-you-still-love-me-if-i-werent-a-vip/
313,Wounded Ego,https://www.novelupdates.com/series/wounded-ego/
314,"Wrong Bed, Right Guy",https://www.novelupdates.com/series/wrong-bed-right-guy/
315,"Wrong Marriage, Right Love",https://www.novelupdates.com/series/wrong-marriage-right-love/
316,Wu Chang Jie,https://www.novelupdates.com/series/wu-chang-jie/
317,Wu Dong Qian Kun,https://www.novelupdates.com/series/wu-dong-qian-kun/
318,Wu Hou Xun Yi Cha,https://www.novelupdates.com/series/wu-hou-xun-yi-cha/
319,Wu Shang Jin Shia,https://www.novelupdates.com/series/wu-shang-jin-shia/
320,X- Epoch of the Dragon,https://www.novelupdates.com/series/x-epoch-of-the-dragon/
321,X-ray Is More Than I Thought,https://www.novelupdates.com/series/x-ray-is-more-than-i-thought/
322,Xia Niangniang,https://www.novelupdates.com/series/xia-niangniang/
323,Xian Wang Dotes On Wife,https://www.novelupdates.com/series/xian-wang-dotes-on-wife/
324,Xian Xian,https://www.novelupdates.com/series/xian-xian/
325,"Xianggong, Please Divorce Me!",https://www.novelupdates.com/series/xianggong-please-divorce-me/
326,Xianxia’s Working Emperor,https://www.novelupdates.com/series/xianxias-working-emperor/
327,Xiao Hun Palace,https://www.novelupdates.com/series/xiao-hun-palace/
328,Xiao Jiu,https://www.novelupdates.com/series/xiao-jiu/
329,"Xiao Qi, Wait!",https://www.novelupdates.com/series/xiao-qi-wait/
330,Xiaobei’s Life as a Proud and Respected Woman,https://www.novelupdates.com/series/xiaobeis-life-as-a-proud-and-respected-woman/
331,Xiebing Defies The Heavens,https://www.novelupdates.com/series/xiebing-defies-the-heavens/
332,"Xuan Wang Above, Di Daughter Runs Away",https://www.novelupdates.com/series/xuan-wang-above-di-daughter-runs-away/
333,xxxHoLic: Another Holic Randoruto-kan Aerosol,https://www.novelupdates.com/series/xxxholic-another-holic-randoruto-kan-aerosol/
334,Xyrin Empire,https://www.novelupdates.com/series/xyrin-empire/
335,Yabai Kimochi,https://www.novelupdates.com/series/yabai-kimochi/
336,Yahari Ore no Seishun Love Come wa Machigatte Iru,https://www.novelupdates.com/series/yahari-ore-no-seishun-love-come-wa-machigatte-iru/
337,Yahari Ore no Seishun Love Come wa Machigatte Iru ANOTHER,https://www.novelupdates.com/series/yahari-ore-no-seishun-love-come-wa-machigatte-iru-another/
338,Yajin Tensei,https://www.novelupdates.com/series/yajin-tensei/
339,"Yakudatazu Skill ni Jinsei o Sosogikomi 25-nen, Imasara Saikyou no Boukentan Midori Kashi no Akira",https://www.novelupdates.com/series/yakudatazu-skill-ni-jinsei-o-sosogikomi-25-nen-imasara-saikyou-no-boukentan-midori-kashi-no-akira/
340,Yama Rising,https://www.novelupdates.com/series/yama-rising/
341,"Yamato Nadeshiko, Koibana no Gotoku",https://www.novelupdates.com/series/yamato-nadeshiko-koibana-no-gotoku/
342,Yandai Xie Jie No. 10,https://www.novelupdates.com/series/yandai-xie-jie-no-10/
343,Yandere Girlfriend x Psychopathic Boyfriend ≒ Pure Love,https://www.novelupdates.com/series/yandere-girlfriend-x-psychopathic-boyfriend-%e2%89%92-pure-love/
344,Yandere Imouto ni Aisaresugite Kozukuri Kankin Seikatsu,https://www.novelupdates.com/series/yandere-imouto-ni-aisaresugite-kozukuri-kankin-seikatsu/
345,Yandere Imouto ni Aisaresugite Kozukuri Kankin Seikatsu (LN),https://www.novelupdates.com/series/yandere-imouto-ni-aisaresugite-kozukuri-kankin-seikatsu-ln/
346,Yandere Love Theatrics,https://www.novelupdates.com/series/yandere-love-theatrics/
347,Yandere Megami No Hakoniwa,https://www.novelupdates.com/series/yandere-megami-no-hakoniwa/
348,Yang God,https://www.novelupdates.com/series/yang-god/
349,Yang Shu Mei Ying,https://www.novelupdates.com/series/yang-shu-mei-ying/
350,Yankee wa Isekai de Seirei ni Aisaremasu.,https://www.novelupdates.com/series/yankee-wa-isekai-de-seirei-ni-aisaremasu/
351,Yari no Yuusha no Yarinaoshi,https://www.novelupdates.com/series/yari-no-yuusha-no-yarinaoshi/
352,Yasashī Shinjitsu to Seiryaku Kekkon,https://www.novelupdates.com/series/yasashi-shinjitsu-to-seiryaku-kekkon/
353,"Yatarato Sasshi no Ii Ore wa, Dokuzetsu Kuudere Bishoujo no Chiisana Dere mo Minogasazu ni Guigui Iku (LN)",https://www.novelupdates.com/series/yatarato-sasshi-no-ii-ore-wa-dokuzetsu-kuudere-bishoujo-no-chiisana-dere-mo-minogasazu-ni-guigui-iku/
354,"Yatarato Sasshi no Ii Ore wa, Dokuzetsu Kuudere Bishoujo no Chiisana Dere mo Minogasazu ni Guigui Iku (WN)",https://www.novelupdates.com/series/yatarato-sasshi-no-ii-ore-wa-dokuzetsu-kuudere-bishoujo-no-chiisana-dere-mo-minogasazu-ni-guigui-iku-wn/
355,Yayoi Can’t Hide Her Secrets,https://www.novelupdates.com/series/yayoi-cant-hide-her-secrets/
356,Ye Ningxi,https://www.novelupdates.com/series/ye-ningxi/
357,Yearning of You for a Long Time,https://www.novelupdates.com/series/yearning-of-you-for-a-long-time/
358,Years of Intoxication,https://www.novelupdates.com/series/years-of-intoxication/
359,Yeho,https://www.novelupdates.com/series/yeho/
360,Yellow Springs Inn (Bai Fan),https://www.novelupdates.com/series/yellow-springs-inn-bai-fan/
361,Yellow Springs Inn (Zhang Xiao Qi),https://www.novelupdates.com/series/yellow-springs-inn-zhang-xiao-qi/
362,Yeon Lok Heun,https://www.novelupdates.com/series/yeon-lok-heun/
363,"Yes, I’m Straight. But What Have I Done Wrong?",https://www.novelupdates.com/series/yes-im-straight-but-what-have-i-done-wrong/
364,"Yes, It’s Me. Sub Yandere",https://www.novelupdates.com/series/yes-its-me-sub-yandere/
365,"Yes, My Class Is “Lumberjack”, So What?",https://www.novelupdates.com/series/yes-my-class-is-lumberjack-so-what/
366,"Yes, No, or Maybe Half?",https://www.novelupdates.com/series/yes-no-or-maybe-half/
367,Yesterday,https://www.novelupdates.com/series/yesterday/
368,Yigret,https://www.novelupdates.com/series/yigret/
369,Yin Xiaomei The Bad girl,https://www.novelupdates.com/series/yin-xiaomei-the-bad-girl/
370,Yin Yang Eye GunGun’s Marriage Contract,https://www.novelupdates.com/series/yin-yang-eye-gunguns-marriage-contract/
371,Ying Chong,https://www.novelupdates.com/series/ying-chong/
372,Yingnu,https://www.novelupdates.com/series/yingnu/
373,Yishi Yijia,https://www.novelupdates.com/series/yishi-yijia/
374,Yoiyama Kaleidoscope,https://www.novelupdates.com/series/yoiyama-kaleidoscope/
375,Yokuwakaru Gendai Mahou,https://www.novelupdates.com/series/yokuwakaru-gendai-mahou/
376,Yomei Ichinen no Kimi ga Boku ni Nokoshite Kureta Mono,https://www.novelupdates.com/series/yomei-ichinen-no-kimi-ga-boku-ni-nokoshite-kureta-mono/
377,Yomigaeri no Maou,https://www.novelupdates.com/series/yomigaeri-no-maou/
378,Yonin no Ikemen ni Kyuuai sarete Ore wa Namidamedesu,https://www.novelupdates.com/series/yonin-no-ikemen-ni-kyuuai-sarete-ore-wa-namidamedesu/
379,Yopparai wo Hirotta Kanojo to Ibukuro wo Tsukamareta Otoko,https://www.novelupdates.com/series/yopparai-wo-hirotta-kanojo-to-ibukuro-wo-tsukamareta-otoko/
380,Yopparai wo Hirotta Kanojo wa Ibukuro wo Tsukande Shimatta,https://www.novelupdates.com/series/yopparai-wo-hirotta-kanojo-wa-ibukuro-wo-tsukande-shimatta/
381,Yorozuya – The Spider Youkai,https://www.novelupdates.com/series/yorozuya-the-spider-youkai/
382,Yorozuya – The Things That Don’t Exist,https://www.novelupdates.com/series/yorozuya-the-things-that-dont-exist/
383,Yoshiwara Lament,https://www.novelupdates.com/series/yoshiwara-lament/
384,Yotogi no Kuni no Gekkouhime,https://www.novelupdates.com/series/yotogi-no-kuni-no-gekkouhime/
385,You Are Brighter than the Sun,https://www.novelupdates.com/series/you-are-brighter-than-the-sun/
386,You Are Mine,https://www.novelupdates.com/series/you-are-mine/
387,You Are My Gravity,https://www.novelupdates.com/series/you-are-my-gravity/
388,You Are My Only Sunshine,https://www.novelupdates.com/series/you-are-my-only-sunshine/
389,You Are My Rare Passion,https://www.novelupdates.com/series/you-are-my-rare-passion/
390,You Are My Unforgettable Love,https://www.novelupdates.com/series/you-are-my-unforgettable-love/
391,You Are My… Natural Mosquito Killer,https://www.novelupdates.com/series/you-are-my-natural-mosquito-killer/
392,You Are Still Here,https://www.novelupdates.com/series/you-are-still-here/
393,You Are the Daughter of My First Love,https://www.novelupdates.com/series/you-are-the-daughter-of-my-first-love/
394,You are the Supporting Role,https://www.novelupdates.com/series/you-are-the-supporting-role/
395,You are to Me,https://www.novelupdates.com/series/you-are-to-me/
396,"You Are Too Ugly, I Refuse",https://www.novelupdates.com/series/you-are-too-ugly-i-refuse/
397,You Boys Play Games Very Well,https://www.novelupdates.com/series/you-boys-play-games-very-well/
398,You Came Like Star,https://www.novelupdates.com/series/you-came-like-star/
399,You Can Apparently Become a Wizard by Preserving Your Virginity Until Thirty,https://www.novelupdates.com/series/you-can-apparently-become-a-wizard-by-preserving-your-virginity-until-thirty/
400,You Can Keep The Male Lead,https://www.novelupdates.com/series/you-can-keep-the-male-lead/
401,You Can’t Be Fierce Towards Me!,https://www.novelupdates.com/series/you-cant-be-fierce-towards-me/
402,You Cannot Afford To Offend My Woman,https://www.novelupdates.com/series/you-cannot-afford-to-offend-my-woman/
403,You Dare,https://www.novelupdates.com/series/you-dare/
404,You Didn’t Tell Me the Start of My Transmigration Was a Gate,https://www.novelupdates.com/series/you-didnt-tell-me-the-start-of-my-transmigration-was-a-gate/
405,You From the Sweet Teahouse,https://www.novelupdates.com/series/you-from-the-sweet-teahouse/
406,You Have Everything I Dislike,https://www.novelupdates.com/series/you-have-everything-i-dislike/
407,You Have Guts!,https://www.novelupdates.com/series/you-have-guts/
408,You Have the Right to Keep a Secret Love,https://www.novelupdates.com/series/you-have-the-right-to-keep-a-secret-love/
409,You Know Too Much,https://www.novelupdates.com/series/you-know-too-much/
410,You Live in My Heart,https://www.novelupdates.com/series/you-live-in-my-heart/
411,You Look Like You’re Made of Money,https://www.novelupdates.com/series/you-look-like-youre-made-of-money/
412,You Must Pity Me,https://www.novelupdates.com/series/you-must-pity-me/
413,You Owe Me Your Draft,https://www.novelupdates.com/series/you-owe-me-your-draft/
414,You Plan To Kill Me With Meng?,https://www.novelupdates.com/series/you-plan-to-kill-me-with-meng/
415,You Promised to Divorce Me,https://www.novelupdates.com/series/you-promised-to-divorce-me/
416,You Shine in the Moonlit Night,https://www.novelupdates.com/series/you-shine-in-the-moonlit-night/
417,You Shine in the Moonlit Night +Fragments,https://www.novelupdates.com/series/you-shine-in-the-moonlit-night-fragments/
418,You Sound Sleepy,https://www.novelupdates.com/series/you-sound-sleepy/
419,You Think It’s Fine to Just Summon Me to Another World? Huh?,https://www.novelupdates.com/series/you-think-its-fine-to-just-summon-me-to-another-world-huh/
420,You Treat Me As If I Have A Sickness,https://www.novelupdates.com/series/you-treat-me-as-if-i-have-a-sickness/
421,You Two Will Give Birth To Me In The Future,https://www.novelupdates.com/series/you-two-will-give-birth-to-me-in-the-future/
422,"You Use a Gun, I Use a Bow",https://www.novelupdates.com/series/you-use-a-gun-i-use-a-bow/
423,You Used to Be My World,https://www.novelupdates.com/series/you-used-to-be-my-world/
424,"You, My Devil",https://www.novelupdates.com/series/you-my-devil/
425,You’ll Regret It,https://www.novelupdates.com/series/youll-regret-it/
426,You’re A Liar,https://www.novelupdates.com/series/youre-a-liar/
427,You’re Beautiful When You Smile,https://www.novelupdates.com/series/youre-beautiful-when-you-smile/
428,"You’re Breaking Off Your Engagement with Me? It Was Done Yesterday, Didn’t You Know?!",https://www.novelupdates.com/series/youre-breaking-off-your-engagement-with-me-it-was-done-yesterday-didnt-you-know/
429,You’re Fired!,https://www.novelupdates.com/series/youre-fired/
430,You’re Gonna Break the Engagement? Right?,https://www.novelupdates.com/series/youre-gonna-break-the-engagement-right/
431,"You’re Inside the Book, I’m Outside the Book",https://www.novelupdates.com/series/youre-inside-the-book-im-outside-the-book/
432,You’re My Belated Happiness,https://www.novelupdates.com/series/youre-my-belated-happiness/
433,You’re My Glory,https://www.novelupdates.com/series/youre-my-glory/
434,You’re My Love Since The Beginning,https://www.novelupdates.com/series/youre-my-love-since-the-beginning/
435,You’re My Wonderwall,https://www.novelupdates.com/series/youre-my-wonderwall/
436,"You’re Right, They’ll Expel Me if I Run into the Store with a Weapon!!",https://www.novelupdates.com/series/youre-right-theyll-expel-me-if-i-run-into-the-store-with-a-weapon/
437,You’re So Arrogant,https://www.novelupdates.com/series/youre-so-arrogant/
438,You’re the God of Rom-Com but You’re Interfering With My Romantic Comedy Life?,https://www.novelupdates.com/series/youre-the-god-of-rom-com-but-youre-interfering-with-my-romantic-comedy-life/
439,You’re the Third Heroine To Say She Came From the Future To Save Me,https://www.novelupdates.com/series/youre-the-third-heroine-to-say-she-came-from-the-future-to-save-me/
440,"You’re Too Cold, My Tsundere Adonis",https://www.novelupdates.com/series/youre-too-cold-my-tsundere-adonis/
441,You’ve Got Mail: A Cautionary Tale,https://www.novelupdates.com/series/youve-got-mail-a-cautionary-tale/
442,"You’ve Got The Wrong House, Villain",https://www.novelupdates.com/series/youve-got-the-wrong-house-villain/
443,Youhei Monogatari ~Junsuinaru Hangyakusha (Rebellion)~,https://www.novelupdates.com/series/youhei-monogatari-junsuinaru-hangyakusha-rebellion/
444,Youjo Senki,https://www.novelupdates.com/series/youjo-senki/
445,Youkoso Jitsuryoku Shijou Shugi no Kyoushitsu e,https://www.novelupdates.com/series/youkoso-jitsuryoku-shijou-shugi-no-kyoushitsu-e/
446,Young Alpha,https://www.novelupdates.com/series/young-alpha/
447,Young Commander’s Supernatural Sweetheart,https://www.novelupdates.com/series/young-commanders-supernatural-sweetheart/
448,"Young Girls, Their Guns and Commander",https://www.novelupdates.com/series/young-girls-their-guns-and-commander/
449,Young God Divine Armaments,https://www.novelupdates.com/series/young-god-divine-armaments/
450,"Young Man, You Are Too Young, Too Simple",https://www.novelupdates.com/series/young-man-you-are-too-young-too-simple/
451,Young Master and His Super Inferno Lover,https://www.novelupdates.com/series/young-master-and-his-super-inferno-lover/
452,"Young Master Gu, Please Be Gentle",https://www.novelupdates.com/series/young-master-gu-please-be-gentle/
453,"Young Master Jian, Pamper to the Heavens",https://www.novelupdates.com/series/young-master-jian-pamper-to-the-heavens/
454,Young Master Jun’s 100 Techniques to Spoil His Wife,https://www.novelupdates.com/series/young-master-juns-100-hundred-techniques-to-spoil-his-wife/
455,Young Master Officer’s Wife Pursuit,https://www.novelupdates.com/series/young-master-officers-wife-pursuit/
456,"Young Master Quan, How Have You Been?",https://www.novelupdates.com/series/young-master-quan-how-have-you-been/
457,"Young Master, Come and Possess Me!",https://www.novelupdates.com/series/young-master-come-and-possess-me/
458,Young Masters’ Little Maid,https://www.novelupdates.com/series/young-masters-little-maid/
459,Young Military Rarities,https://www.novelupdates.com/series/young-military-rarities/
460,Young Wife Elf S*ave,https://www.novelupdates.com/series/young-wife-elf-slave/
461,Youngest Lady in Contract,https://www.novelupdates.com/series/youngest-lady-in-contract/
462,Your and My Asylum,https://www.novelupdates.com/series/your-and-my-asylum/
463,Your Distance,https://www.novelupdates.com/series/your-distance/
464,Your Eternal Lies,https://www.novelupdates.com/series/your-eternal-lies/
465,"Your Highness, I Know My Wrongs",https://www.novelupdates.com/series/your-highness-i-know-my-wrongs/
466,"Your Highness, Please Love Me Tender",https://www.novelupdates.com/series/your-highness-please-love-me-tender/
467,"Your Highness, The Lady You’ve Abandoned IS the Saintess!",https://www.novelupdates.com/series/your-highness-the-lady-youve-abandoned-is-the-saintess/
468,"Your Highness, the Voice of Your Heart is Leaking!",https://www.novelupdates.com/series/your-highness-the-voice-of-your-heart-is-leaking/
469,Your Humble Servant is Guilty!,https://www.novelupdates.com/series/your-humble-servant-is-guilty/
470,Your Husband’s Leg is Broken,https://www.novelupdates.com/series/your-husbands-leg-is-broken/
471,Your Kingdom,https://www.novelupdates.com/series/your-kingdom/
472,Your Majesty is Annoying!,https://www.novelupdates.com/series/your-majesty-is-annoying/
473,Your Majesty is so Handsome,https://www.novelupdates.com/series/your-majesty-is-so-handsome/
474,Your Majesty Please Calm Down,https://www.novelupdates.com/series/your-majesty-please-calm-down/
475,"Your Majesty, Eunuch Lin Is Pregnant",https://www.novelupdates.com/series/your-majesty-eunuch-lin-is-pregnant/
476,"Your Majesty, I Want You",https://www.novelupdates.com/series/your-majesty-i-want-you/
477,"Your Majesty, Please Behave Yourself",https://www.novelupdates.com/series/your-majesty-please-behave-yourself/
478,"Your Majesty, Please Come In",https://www.novelupdates.com/series/your-majesty-please-come-in/
479,"Your Majesty, Please Don’t Kill Me Again!",https://www.novelupdates.com/series/your-majesty-please-dont-kill-me-again/
480,"Your Majesty, You Can’t",https://www.novelupdates.com/series/your-majesty-you-cant/
481,Your Majesty’s Wife’s Advice,https://www.novelupdates.com/series/your-majestys-wifes-advice/
482,Your Meaning,https://www.novelupdates.com/series/your-meaning/
483,Your Memes Are Better Looking Than You,https://www.novelupdates.com/series/your-memes-are-better-looking-than-you/
484,Your Most Faithful Companion,https://www.novelupdates.com/series/your-most-faithful-companion/
485,Your Mother’s Right There,https://www.novelupdates.com/series/your-mothers-right-there/
486,Your Name Engraved Herein,https://www.novelupdates.com/series/your-name-engraved-herein/
487,"Your Ninth Royal Highness, Please Change Your Clothes",https://www.novelupdates.com/series/your-ninth-royal-highness-please-change-your-clothes/
488,Your Pheromones Are Sweet,https://www.novelupdates.com/series/your-pheromones-are-sweet/
489,Your Rival in Love Gets Prettier Every Day,https://www.novelupdates.com/series/your-rival-in-love-gets-prettier-every-day/
490,Your Scandals Are Way Cuter Than You,https://www.novelupdates.com/series/your-scandals-are-way-cuter-than-you/
491,Your Star,https://www.novelupdates.com/series/your-star/
492,Your Story,https://www.novelupdates.com/series/your-story/
493,Your Talent Is Good; It’s Now Mine,https://www.novelupdates.com/series/your-talent-is-good-its-now-mine/
494,"Your Teacher I, am Hella Rich",https://www.novelupdates.com/series/your-teacher-i-am-hella-rich/
495,Your Time,https://www.novelupdates.com/series/your-time/
496,Yousei Bishoujo ga Nounai de Tasuke wo Motometekurundaga?,https://www.novelupdates.com/series/yousei-bishoujo-ga-nounai-de-tasuke-wo-motometekurundaga/
497,Yu Ren,https://www.novelupdates.com/series/yu-ren/
498,Yu Wu,https://www.novelupdates.com/series/yu-wu/
499,Yu-Gi-Oh! Duel Monsters: Pyramid of Light,https://www.novelupdates.com/series/yu-gi-oh-duel-monsters-pyramid-of-light/
500,Yue Chen Yin,https://www.novelupdates.com/series/yue-chen-yin/
501,Yukine-chan’s Other World Reincarnation,https://www.novelupdates.com/series/yukine-chans-other-world-reincarnation/
502,Yume Miru Danshi wa Genjitsushugisha (WN),https://www.novelupdates.com/series/yume-miru-danshi-wa-genjitsushugisha/
503,Yume Nikki,https://www.novelupdates.com/series/yume-nikki/
504,Yume No Kuni,https://www.novelupdates.com/series/yume-no-kuni/
505,Yumemiru Danshi wa Genjitsushugisha (LN),https://www.novelupdates.com/series/yumemiru-danshi-wa-genjitsushugisha-ln/
506,Yun Family Father and Sons Threesome,https://www.novelupdates.com/series/yun-family-father-and-sons-threesome/
507,Yun Family’s Little Nine is Super Mischievous,https://www.novelupdates.com/series/yun-familys-little-nine-is-super-mischievous/
508,Yuri Empire,https://www.novelupdates.com/series/yuri-empire/
509,Yuri in Which the World Will End in Ten Days,https://www.novelupdates.com/series/yuri-in-which-the-world-will-end-in-ten-days/
510,Yuri Maid Cafe,https://www.novelupdates.com/series/yuri-maid-cafe/
511,Yuri War of the Demon King’s Daughter – the Brave Hero Who Incarnates as the TS Wants to Protect a Peaceful Life Surrounded by Cute Demons and Monster Girls,https://www.novelupdates.com/series/yuri-war-of-the-demon-kings-daughter-the-brave-hero-who-incarnates-as-the-ts-wants-to-protect-a-peaceful-life-surrounded-by-cute-demons-and-monster-girls/
512,Yuru Fuwa Noka No Moji Bake Skill,https://www.novelupdates.com/series/yuru-fuwa-noka-no-moji-bake-skill/
513,Yuujin-chara no Ore ga Motemakuru Wakenaidarou?,https://www.novelupdates.com/series/yuujin-chara-no-ore-ga-motemakuru-wakenaidarou/
514,"Yuusha Dakedo, Maou Kara Sekai Wo Hanbun Moratte Uragiru Koto ni Shita",https://www.novelupdates.com/series/yuusha-dakedo-maou-kara-sekai-wo-hanbun-moratte-uragiru-koto-ni-shita/
515,Yuusha Densetsu no Uragawa de Ore wa Eiyuu Densetsu o Tsukurimasu: Oudou Goroshi no Eiyuutan,https://www.novelupdates.com/series/yuusha-densetsu-no-uragawa-de-ore-wa-eiyuu-densetsu-o-tsukurimasu-oudou-goroshi-no-eiyuutan/
516,Yuusha Ga Onna Da to Dame Desu Ka?,https://www.novelupdates.com/series/yuusha-ga-onna-da-to-dame-desu-ka/
517,Yuusha Gojo Kumiai Kouryuugata Keijiban,https://www.novelupdates.com/series/yuusha-gojo-kumiai-kouryuugata-keijiban/
518,Yuusha Isagi no Maou Hanashi,https://www.novelupdates.com/series/yuusha-isagi-no-maou-hanashi/
519,Yuusha Ni Narenakatta Ore Wa Isekai De,https://www.novelupdates.com/series/yuusha-ni-narenakatta-ore-wa-isekai-de-wn/
520,Yuusha ni Narenakatta Ore wa Shibushibu Shuushoku o Ketsuishimashita.,https://www.novelupdates.com/series/yuusha-ni-narenakatta-ore-wa-shibushibu-shuushoku-o-ketsuishimashita/
521,Yuusha no Gawari ni Maou Toubatsu Shitara Tegara o Yokodoroi Saremashita,https://www.novelupdates.com/series/yuusha-no-gawari-ni-maou-toubatsu-shitara-tegara-o-yokodoroi-saremashita/
522,Yuusha no Segare,https://www.novelupdates.com/series/yuusha-no-segare/
523,"Yuusha Party no Kawaii Ko ga Ita no de, Kokuhaku Shite Mita (LN)",https://www.novelupdates.com/series/yuusha-party-no-kawaii-ko-ga-ita-no-de-kokuhaku-shite/
524,"Yuusha Party no Kawaii Ko ga Ita no de, Kokuhaku Shite Mita (WN)",https://www.novelupdates.com/series/yuusha-party-no-kawaii-ko-ga-ita-no-de-kokuhaku-shite-wn/
525,Yuusha Yori Saikyouna Kuro Kishi,https://www.novelupdates.com/series/yuusha-yori-saikyouna-kuro-kishi/
526,"Yuusha, Aruiwa Bakemono to Yobareta Shoujo",https://www.novelupdates.com/series/yuusha-aruiwa-bakemono-to-yobareta-shoujo/
527,Zannen Kei na Ojou-sama no Nichijou,https://www.novelupdates.com/series/zannen-kei-na-ojou-sama-no-nichijou/
528,Zanxing,https://www.novelupdates.com/series/zanxing/
529,Zaregoto,https://www.novelupdates.com/series/zaregoto/
530,Zaru Soba (The Cute One),https://www.novelupdates.com/series/zaru-soba-cute/
531,Ze Tian Ji,https://www.novelupdates.com/series/ze-tian-ji/
532,Zerg Writer,https://www.novelupdates.com/series/zerg-writer/
533,Zero Kara Hajimeru Mahou no Sho,https://www.novelupdates.com/series/zero-kara-hajimeru-mahou-no-sho/
534,Zero no Tsukaima,https://www.novelupdates.com/series/zero-no-tsukaima/
535,Zero no Tsukaima SS: Tabitha’s Adventure,https://www.novelupdates.com/series/zero-no-tsukaima-ss-tabithas-adventure/
536,Zetsubousei: Hero Chiryouyaku,https://www.novelupdates.com/series/zetsubousei-hero-chiryouyaku/
537,Zettai ni Derete wa Ikenai Tsundere,https://www.novelupdates.com/series/zettai-ni-derete-wa-ikenai-tsundere/
538,Zettai ni Me wo Tsukerarete ha Ikenai Vtuber ni Mitsukatte Shimatta,https://www.novelupdates.com/series/zettai-ni-me-wo-tsukerarete-ha-ikenai-vtuber-ni-mitsukatte-shimatta/
539,Zettainaru Kodokusha,https://www.novelupdates.com/series/zettainaru-kodokusha/
540,Zhan Dao Ji,https://www.novelupdates.com/series/zhan-dao-ji/
541,Zhan Long,https://www.novelupdates.com/series/zhan-long/
542,Zhan Yue,https://www.novelupdates.com/series/zhan-yue/
543,Zhanxian,https://www.novelupdates.com/series/zhanxian/
544,Zhao Ge,https://www.novelupdates.com/series/zhao-ge/
545,Zhao Qin Mu Chu,https://www.novelupdates.com/series/zhao-qin-mu-chu/
546,Zhao’s First Daughter,https://www.novelupdates.com/series/zhaos-first-daughter/
547,Zhu Xian,https://www.novelupdates.com/series/zhu-xian/
548,Zhu Yan,https://www.novelupdates.com/series/zhu-yan/
549,Zhuge Kong Ming and the Outsider,https://www.novelupdates.com/series/zhuge-kong-ming-and-the-outsider/
